scan_date,candidate_id,status,topic,primary_site,freshness,traffic_potential,calculator_fit,evidence_quality,actionability,total_score,hard_gate,reliable_sources,fresh_signal,calculator_mapping,reason
2026-07-19,HR-20260719-01,selected,ECB Meeting Risk: What a 50-Pip EUR/USD Move Means in Dollars,PipGauge,24,22,25,15,10,96,yes,3,yes,Pip Value; Position Size; Spread Cost; P&L,Meeting is inside the 7-day window; official timing and an independent Reuters preview are available
2026-07-19,HR-20260719-02,selected,Nasdaq Fell 4% in a Week: What Does That Mean for a NAS100 CFD Position?,PipGauge,23,24,24,15,10,96,yes,3,yes,NAS100 Point Value; P&L; Margin; Drawdown Recovery,"Current selloff has quantified coverage from Nasdaq, AP and Reuters and maps directly to point-value math"
2026-07-19,HR-20260719-03,selected,"Gold Trading Goes 24/7: Contract Size, Pip Value, and Weekend Risk",PipGauge,25,21,24,15,9,94,yes,3,yes,XAUUSD Pip Value; Position Size; Margin; Spread Cost,CME change is effective now; current gold volatility and fresh Reddit confusion create a clear educational calculation angle
2026-07-19,HR-20260719-04,selected,Tesla and Alphabet Report on the Same Day: How Much Portfolio Risk Is That?,PositionMath,25,25,17,15,9,91,yes,3,yes,Position Size; Stop Loss/Take Profit; Portfolio Heat; Break-Even,Both companies have official dates and Nasdaq confirms the event cluster; useful as one auxiliary PositionMath topic
2026-07-19,HR-20260719-05,observation,Topstep Dynamic Live Risk Expansion and Daily Loss Sizing,PositionMath,23,17,25,10,9,84,no,1,yes,Daily Loss Limit; Trailing Drawdown; Prop Firm Calculator,"Official page was updated recently, but the independent source does not fully verify the new dynamic expansion mechanism"
2026-07-19,HR-20260719-06,observation,FundedNext Rapid Daily vs Rapid Pro Rule Math,PositionMath,13,16,25,10,9,73,no,1,no,Daily Loss Limit; Consistency Rule; Prop Firm Calculator,Excellent fit but launch is outside the 72-hour window and independent coverage is affiliate-adjacent
2026-07-19,HR-20260719-07,observation,D-Wave QBTS Moves Its Listing to Nasdaq,PositionMath,22,16,11,15,7,71,no,3,yes,Position Size; P&L; Break-Even After Fees,"Event is verified and fresh, but calculator fit is generic rather than distinctive"
2026-07-19,HR-20260719-08,observation,Intel Q2 Earnings Risk Scenarios,PositionMath,24,19,15,15,8,81,yes,2,yes,Position Size; Stop Loss/Take Profit; Portfolio Heat,"Valid event, but duplicates the stronger same-week earnings-risk topic"
2026-07-19,HR-20260719-09,observation,Bank of Russia July Rate Decision and RUB Position Risk,PipGauge,24,12,18,8,7,69,no,1,yes,Currency Converter; Position Size; P&L,Official date is valid but there is no second strong independent English heat source in this scan
2026-07-19,HR-20260719-10,discarded,SK Hynix Earnings and ADR Premium,PipGauge,10,18,25,5,8,66,no,0,no,SK Hynix ADR Premium; USD/KRW Converter,"Search results contained conflicting dates, so the event was not used"
2026-07-20,HR-20260720-01,selected,USD/JPY Near a 40-Year High: What a 100-Pip Move Means,PipGauge,24,24,25,15,10,98,yes,3,yes,Pip Value; Position Size; P&L; Margin,Reuters reported USD/JPY near a 40-year high while official Japanese sources provide the intervention and release context
2026-07-20,HR-20260720-02,selected,ECB Week: Recalculate EUR/USD Risk Before the Decision,PipGauge,23,22,25,15,10,95,yes,2,yes,Pip Value; Position Size; Spread Cost; P&L,The ECB decision is inside the active window and is supported by the official calendar and an independent Reuters preview
2026-07-20,HR-20260720-03,selected,"Gold Near $4,000 as 24/7 Trading Goes Live",PipGauge,25,22,24,15,9,95,yes,2,yes,XAUUSD Pip Value; Position Size; Margin; Spread Cost,CME's migration maps to the July 20 trade date and Reuters supplied a fresh gold-market signal on the same day
2026-07-20,HR-20260720-04,selected,Big Tech Earnings Week: Size the Combined TSLA and GOOGL Risk,PositionMath,24,25,17,15,9,90,yes,3,yes,Position Size; Portfolio Heat; Stop Loss/Take Profit; Break-Even,Official company dates and fresh market coverage confirm a concentrated same-week earnings-risk topic
2026-07-20,HR-20260720-05,observation,Brent Above $90: Inflation Shock and Trading Risk,PipGauge,24,23,10,15,6,78,yes,2,yes,P&L; Margin; Position Size,The event is fresh and well sourced but the current calculator mapping is generic and does not justify a selected topic
2026-07-20,HR-20260720-06,observation,South Korea Chip Leveraged Unwind,PositionMath,25,21,12,10,7,75,no,1,yes,Position Size; Portfolio Heat; Drawdown Recovery,Reuters supplied a strong fresh signal but a second equally reliable source and a distinctive calculator angle are missing
2026-07-20,HR-20260720-07,observation,Bank of Japan Accounts Release and Yen Risk,PipGauge,25,18,18,8,7,76,no,1,yes,Currency Converter; Pip Value; P&L,The official release is current but the stronger USD/JPY topic already covers the practical calculation intent
2026-07-20,HR-20260720-08,observation,Topstep Dynamic Live Risk Expansion,PositionMath,18,16,25,10,8,77,no,1,no,Daily Loss Limit; Trailing Drawdown; Prop Firm Calculator,Calculator fit remains strong but the rule change still lacks complete independent verification
2026-07-20,HR-20260720-09,discarded,PayPal Takeover Speculation and Break-Even Math,PositionMath,23,22,12,5,4,66,no,0,yes,Position Size; Break-Even; P&L,The takeover claim was not sufficiently confirmed and fails the rumor exclusion rule
2026-07-21,HR-20260721-01,selected,USD/JPY Still Near 162: Recheck 100–300 Pip Intervention Risk,PipGauge,25,23,25,15,9,97,yes,3,yes,Pip Value; Position Size; P&L; Margin,Fresh Reuters pricing keeps the intervention-risk calculation window open; refresh HR-20260720-01
2026-07-21,HR-20260721-02,selected,ECB Decision Tomorrow: Final EUR/USD Position-Size Check,PipGauge,25,22,25,15,9,96,yes,3,yes,Pip Value; Position Size; Spread Cost; P&L,Official event timing and independent previews support a final pre-decision refresh of HR-20260719-01
2026-07-21,HR-20260721-03,selected,"Gold Around $4,000 Before the First 24/7 Weekend Session",PipGauge,25,21,24,15,9,94,yes,3,yes,XAUUSD Pip Value; Position Size; Margin; Spread Cost,Fresh Reuters pricing and CME's July 24 weekend schedule support a refresh of HR-20260719-03
2026-07-21,HR-20260721-04,selected,TSLA and GOOGL Earnings Tomorrow: Recheck Combined Gap Risk,PositionMath,25,24,18,15,10,92,yes,3,yes,Position Size; Portfolio Heat; Stop Loss/Take Profit; Break-Even,Two official company sources plus fresh discussion support a pre-earnings refresh of HR-20260719-04
2026-07-21,HR-20260721-05,observation,Dollar Index Near One-Week High on Gulf Tensions,PipGauge,25,20,10,15,6,76,yes,2,yes,Currency Strength; Currency Converter,"Fresh and sourced, but the calculation intent is too broad and the political event is not itself a calculator bridge"
2026-07-21,HR-20260721-06,observation,Brent Around $90 and Cross-Asset Risk,PipGauge,24,22,9,15,6,76,yes,2,yes,Portfolio Heat; Margin,Current calculators do not provide a natural oil-contract calculation path
2026-07-21,HR-20260721-07,observation,UK Short-Selling Regime Reporting Thresholds,PositionMath,19,12,14,15,8,68,yes,2,yes,Position Size; Portfolio Heat,Reliable official rules but weak public traffic signal and no distinctive existing calculator bridge
2026-07-21,HR-20260721-08,observation,Topstep Dynamic Expansion Rule Math,PositionMath,17,16,25,7,8,73,no,1,no,Daily Loss Limit; Trailing Drawdown; Prop Firm Calculator,Strong fit but still missing independent reliable verification of the rule mechanics
2026-07-21,HR-20260721-09,discarded,Generic Prop Firm Denial Taxonomy,PositionMath,23,13,20,4,5,65,no,0,yes,Consistency Rule; Daily Loss Limit,Community-only claims cannot establish company rules
2026-07-21,HR-20260721-10,discarded,Directional Oil Gold and FX Predictions,PipGauge,25,20,5,5,2,57,no,0,yes,P&L,Direction forecasts and signal-like content are excluded
2026-07-22,HR-20260722-01,selected,USD/JPY Above 163: Recheck 100–300 Pip Intervention Risk,PipGauge,25,24,25,15,9,98,yes,3,yes,Pip Value; Position Size; P&L; Margin,Fresh Reuters pricing and same-day Japanese official comments extend the window; refresh HR-20260720-01
2026-07-22,HR-20260722-02,selected,ECB Decision Tomorrow: Last EUR/USD Risk Check,PipGauge,25,23,25,15,9,97,yes,3,yes,Pip Value; Position Size; Spread Cost; P&L,Official timing and independent previews support the final pre-decision refresh of HR-20260719-01
2026-07-22,HR-20260722-03,selected,TSLA and GOOGL Report Tonight: Final Combined Gap-Risk Check,PositionMath,25,25,20,15,10,95,yes,3,yes,Position Size; Portfolio Heat; Stop Loss/Take Profit; Break-Even,Two official company sources plus same-day Reuters coverage support a final refresh of HR-20260719-04
2026-07-22,HR-20260722-04,selected,Two Days to CME 1OZ Gold 24/7: Separate Futures Tick Math from XAUUSD,PipGauge,25,20,24,15,8,92,yes,3,yes,XAUUSD Pip Value; Position Size; Margin; Spread Cost,The July 24 official window and recent public discussion support a specification-focused refresh of HR-20260719-03
2026-07-22,HR-20260722-05,selected,CME Single Stock Futures Launch July 27: 100 Shares vs 10-Share Micro Exposure,PositionMath,24,21,23,15,5,88,yes,3,yes,Position Size; Portfolio Heat; P&L,CME specifications and CFTC certification plus fresh public questions support a distinct launch-week calculation topic
2026-07-22,HR-20260722-06,observation,Brent Above $95 and Cross-Asset Risk,PipGauge,25,24,9,15,7,80,yes,2,yes,Portfolio Heat; Margin,Strong current traffic but no natural oil-contract calculator bridge in the existing product set
2026-07-22,HR-20260722-07,observation,Intel Earnings on July 23,PositionMath,24,18,14,15,7,78,yes,2,yes,Position Size; Portfolio Heat; Break-Even,Fresh event but duplicates the stronger combined earnings-risk intent and has a weaker calculator bridge
2026-07-22,HR-20260722-08,observation,UK Short-Selling Reporting Thresholds,PositionMath,18,12,14,15,8,67,yes,2,yes,Position Size; Portfolio Heat,Official facts are reliable but public traffic and distinctive calculator fit remain weak
2026-07-22,HR-20260722-09,observation,Topstep Dynamic Expansion Rule Math,PositionMath,16,16,25,7,8,72,no,1,no,Daily Loss Limit; Trailing Drawdown; Prop Firm Calculator,Strong fit but independent reliable verification of the rule mechanics remains incomplete
2026-07-22,HR-20260722-10,discarded,Directional Oil Gold FX and Earnings Predictions,PipGauge,25,22,5,5,2,59,no,0,yes,P&L,Directional forecasts and signal-like content are excluded
2026-07-22,HR-20260722-11,discarded,Generic Prop Firm Payout Disputes,PositionMath,21,14,20,4,5,64,no,0,yes,Consistency Rule; Daily Loss Limit,Community-only claims cannot establish specific company rules
2026-07-23,HR-20260723-01,selected,USD/JPY at a Fresh 40-Year High: Update 100–300 Pip Reversal Risk,PipGauge,25,23,25,15,9,97,yes,2,yes,Pip Value; Position Size; P&L; Margin,Same-day Reuters pricing and official comments extend the existing intervention-risk calculation window; refresh HR-20260720-01
2026-07-23,HR-20260723-02,selected,ECB Held at 2.25%: Recalculate the Actual EUR/USD Event Move,PipGauge,25,22,25,15,9,96,yes,2,yes,Pip Value; Position Size; Spread Cost; P&L,The official decision and independent AP report support a post-decision refresh of HR-20260719-01
2026-07-23,HR-20260723-03,selected,Tesla Down 12.6% and Alphabet Lower: Replace Gap Scenarios with Actual Loss Math,PositionMath,25,25,20,15,10,95,yes,3,yes,Position Size; Portfolio Heat; P&L; Break-Even,Official results plus AP's quantified same-day move support an actual-gap refresh of HR-20260719-04
2026-07-23,HR-20260723-04,selected,Tomorrow Is CME 1OZ Gold's First 24/7 Weekend Session,PipGauge,25,22,24,15,8,94,yes,2,yes,XAUUSD Pip Value; Position Size; Margin; Spread Cost,CME's July 24 window and an independent technology-provider notice support the final pre-launch refresh of HR-20260719-03
2026-07-23,HR-20260723-05,selected,Three Days to CME Single Stock Futures: Add the 15% Minimum Margin Floor,PositionMath,25,21,23,15,7,91,yes,3,yes,Position Size; Portfolio Heat; P&L; Margin,CME and CFTC materials support adding the regulatory minimum margin calculation to HR-20260722-05
2026-07-23,HR-20260723-06,observation,Brent Above $100,PipGauge,25,25,8,15,7,80,yes,2,yes,Portfolio Heat; Margin,Strong traffic but no natural oil-contract calculator bridge in the current product set
2026-07-23,HR-20260723-07,observation,Intel Post-Earnings Move,PositionMath,25,17,13,15,7,77,yes,2,yes,Position Size; Portfolio Heat; Break-Even,Duplicates the stronger TSLA and Alphabet actual-gap intent and has a weaker traffic bridge
2026-07-23,HR-20260723-08,observation,UK Short-Selling Reporting Thresholds,PositionMath,17,12,14,15,9,67,yes,2,yes,Position Size; Portfolio Heat,Reliable rules but no distinctive current traffic path or natural existing calculator bridge
2026-07-23,HR-20260723-09,observation,Topstep Dynamic Expansion Rule Math,PositionMath,15,16,25,7,8,71,no,1,no,Daily Loss Limit; Trailing Drawdown; Prop Firm Calculator,Still missing independent reliable verification of the rule mechanics
2026-07-23,HR-20260723-10,discarded,Directional Oil Gold FX and Earnings Predictions,PipGauge,25,22,5,5,2,59,no,0,yes,P&L,Directional forecasts and signal-like content are excluded
2026-07-23,HR-20260723-11,discarded,Community-Only Prop Firm Disputes,PositionMath,21,14,20,4,5,64,no,0,yes,Consistency Rule; Daily Loss Limit,Community claims cannot establish specific company rules
2026-07-24,HR-20260724-01,selected,FOMC July 29: Size 25–100 Pip Event Risk Before the Decision,PipGauge,25,24,25,15,10,99,yes,3,yes,Pip Value; Position Size; P&L; Spread Cost,"The meeting first enters the seven-day window with Fed timing, independent preview and public discussion; no historical FOMC package, so new"
2026-07-24,HR-20260724-02,selected,CME 1OZ Gold Weekend Trading Starts Today: Separate Tick and XAUUSD Math,PipGauge,25,23,24,15,9,96,yes,2,yes,XAUUSD Pip Value; Position Size; Margin; Spread Cost,The first weekend window begins today; refresh HR-20260719-03 and keep futures and CFD math separate
2026-07-24,HR-20260724-03,selected,BOJ July 31: Refresh USD/JPY Event-Risk Math,PipGauge,25,24,25,15,9,98,yes,3,yes,Pip Value; Position Size; P&L; Spread Cost,BOJ's July 24 schedule update and same-day Reuters preview support refreshing HR-20260720-01 rather than duplicating it
2026-07-24,HR-20260724-04,selected,Three Days to CME Single Stock Futures: Keep the 15% Margin Floor Visible,PositionMath,25,21,23,15,7,91,yes,2,yes,Position Size; Portfolio Heat; P&L; Margin,CME and CFTC materials support the final pre-launch refresh of HR-20260722-05
2026-07-24,HR-20260724-05,observation,Brent Near or Above $100,PipGauge,25,25,8,15,7,80,yes,2,yes,Portfolio Heat; Margin,Strong traffic but no natural oil-contract calculator bridge in the current product set
2026-07-24,HR-20260724-06,observation,U.S. Q2 GDP and June PCE on July 30,PipGauge,22,14,22,7,5,70,no,1,yes,Pip Value; Position Size; Spread Cost; P&L,Official timing is clear but current independent discussion is weak and the intent overlaps the stronger FOMC topic
2026-07-24,HR-20260724-07,observation,Tesla and Alphabet Post-Earnings Continuation,PositionMath,17,16,18,12,6,69,yes,3,yes,P&L; Portfolio Heat; Break-Even,Yesterday's actual-loss result is already packaged; another refresh would duplicate the same calculation
2026-07-24,HR-20260724-08,observation,Topstep Dynamic Expansion Rule Math,PositionMath,14,15,25,7,8,69,no,1,no,Daily Loss Limit; Trailing Drawdown; Prop Firm Calculator,Still missing independent reliable verification of the rule mechanics
2026-07-24,HR-20260724-09,discarded,Directional Oil Gold FX and Earnings Predictions,PipGauge,25,22,5,5,2,59,no,0,yes,P&L,Directional forecasts and signal-like content are excluded
2026-07-24,HR-20260724-10,discarded,Community-Only Prop Firm Disputes,PositionMath,20,14,20,4,5,63,no,0,yes,Consistency Rule; Daily Loss Limit,Community claims cannot establish specific company rules
2026-07-24,HR-20260724-11,selected,Bank of England July 30: Size GBP/USD Event Risk Around the MPC and MPR,PipGauge,25,23,25,15,10,98,yes,3,yes,Pip Value; Position Size; P&L; Spread Cost,"BoE timing and same-day independent Reuters signals open a distinct GBP/USD event-risk path; no historical BoE package, so new"
2026-07-25,HR-20260725-01,selected,"FOMC July 29: Weekend Risk-Table Refresh, Not a New Article",PipGauge,25,24,25,15,8,97,yes,4,yes,Pip Value; Position Size; P&L; Spread Cost,Same-day week-ahead coverage keeps the meeting in the weekend search window; refresh HR-20260724-01 rather than duplicate it
2026-07-25,HR-20260725-02,observation,Bank of England July 30: Existing GBP/USD Event-Risk Package,PipGauge,23,18,25,15,7,88,yes,3,yes,Pip Value; Position Size; P&L; Spread Cost,"Yesterday's evidence remains valid but July 25 adds no distinct rule, number or traffic path; hold the existing HR-20260724-11 package without another playbook"
2026-07-25,HR-20260725-03,selected,USD/JPY Near 164 Before BOJ: Refresh the Existing Tail-Risk Table,PipGauge,25,25,25,15,9,99,yes,4,yes,Pip Value; Position Size; P&L; Spread Cost,Reuters reports 163.78 and a 163.98 weekly high while the BOJ meeting remains current; refresh HR-20260720-01 without predicting intervention
2026-07-25,HR-20260725-04,observation,CME 1OZ Gold First Weekend Follow-Up,PipGauge,20,16,24,15,6,81,yes,2,yes,XAUUSD Pip Value; Position Size; Margin; Spread Cost,"No verifiable first-weekend trading, liquidity, spread or outage evidence was found; stop mechanically refreshing HR-20260719-03"
2026-07-25,HR-20260725-05,selected,Two Days to CME Single Stock Futures: Recheck Notional and 15% Floor,PositionMath,25,21,23,15,7,91,yes,2,yes,Position Size; Portfolio Heat; P&L; Margin,The July 27 launch is two days away; refresh HR-20260722-05 with the current countdown and no duplicate article
2026-07-25,HR-20260725-06,observation,U.S. Q2 GDP and June PCE on July 30,PipGauge,23,15,22,8,3,71,yes,2,yes,Pip Value; Position Size; Spread Cost; P&L,"Official timing and a week-ahead source are current, but the calculation intent still overlaps the stronger FOMC package"
2026-07-25,HR-20260725-07,observation,Brent Near or Above $100,PipGauge,25,25,8,15,7,80,yes,2,yes,Portfolio Heat; Margin,Strong traffic persists but the current product set still lacks a natural oil-contract calculation bridge
2026-07-25,HR-20260725-08,observation,Tesla and Alphabet Post-Earnings Continuation,PositionMath,14,15,18,12,5,64,yes,3,yes,P&L; Portfolio Heat; Break-Even,The actual-gap calculation is already packaged and another refresh would duplicate the same intent without a new numeric hook
2026-07-25,HR-20260725-09,observation,Topstep Dynamic Expansion Rule Math,PositionMath,13,15,25,7,8,68,no,1,no,Daily Loss Limit; Trailing Drawdown; Prop Firm Calculator,Still missing independent reliable verification of the rule mechanics
2026-07-25,HR-20260725-10,discarded,Directional Oil Gold FX and Central-Bank Predictions,PipGauge,25,22,5,5,2,59,no,0,yes,P&L,Directional forecasts and signal-like content are excluded
2026-07-25,HR-20260725-11,discarded,Community-Only Prop Firm Disputes,PositionMath,19,14,20,4,5,62,no,0,yes,Consistency Rule; Daily Loss Limit,Community claims cannot establish specific company rules
2026-07-26,HR-20260726-01,selected,CME Single Stock Futures Go Live Sunday: Recheck 100-Share Notional,PositionMath,25,22,23,15,8,93,yes,3,yes,Position Size; Portfolio Heat; P&L; Margin,CME confirms Sunday production launch and Monday trade date; refresh HR-20260722-05 with launch-state facts and standard 100-share math
2026-07-26,HR-20260726-02,observation,FOMC July 29: Hold Existing Event-Risk Package,PipGauge,24,23,25,15,7,94,yes,3,yes,Pip Value; Position Size; P&L; Spread Cost,"July 25 already produced the same risk-table refresh and July 26 adds no new official decision, reliable price number or distinct calculation path"
2026-07-26,HR-20260726-03,observation,USD/JPY Near 164 Before BOJ: Hold Existing Tail-Risk Package,PipGauge,24,24,25,15,7,95,yes,4,yes,Pip Value; Position Size; P&L; Spread Cost,No later official FX file or independent reliable price number supersedes the July 25 refresh; the calculator path is unchanged
2026-07-26,HR-20260726-04,observation,Bank of England July 30: Hold Existing GBP/USD Package,PipGauge,22,17,25,15,7,86,yes,3,yes,Pip Value; Position Size; P&L; Spread Cost,"The existing July 24 package remains valid but July 26 adds no new rule, market number or distinct traffic path"
2026-07-26,HR-20260726-05,observation,CME 1OZ Gold First-Weekend Evidence Check,PipGauge,19,15,24,15,6,79,yes,2,yes,XAUUSD Pip Value; Position Size; Margin; Spread Cost,"No verifiable first-weekend volume, spread, outage or liquidity evidence was found, so another launch refresh would be mechanical"
2026-07-26,HR-20260726-06,observation,U.S. Q2 GDP and June PCE on July 30,PipGauge,22,15,22,8,3,70,yes,2,yes,Pip Value; Position Size; Spread Cost; P&L,Official timing is current but search intent and calculator bridge remain overlapped by the stronger existing FOMC package
2026-07-26,HR-20260726-07,observation,Brent Geopolitical Volatility,PipGauge,24,24,8,15,6,77,yes,2,yes,Portfolio Heat; Margin,Traffic is strong but the existing sites still lack a natural oil-contract specification calculator bridge
2026-07-26,HR-20260726-08,observation,Topstep Dynamic Expansion Rule Math,PositionMath,12,15,25,7,8,67,no,1,no,Daily Loss Limit; Trailing Drawdown; Prop Firm Calculator,A second independent reliable source still does not fully verify the rule mechanics
2026-07-26,HR-20260726-09,discarded,Directional FX Stock Commodity and Central-Bank Predictions,PipGauge,25,22,5,5,2,59,no,0,yes,P&L,"Directional forecasts, price predictions and signal-like content are excluded"
2026-07-27,HR-20260727-01,observation,FOMC July 28-29: Existing Event-Risk Package Still Covers the Search Intent,PipGauge,25,23,25,15,7,95,yes,3,yes,Pip Value; Position Size; P&L; Spread Cost,"Official meeting timing is current, but HR-20260724-01 and HR-20260725-01 already cover the same pre-decision risk table and no new policy fact or distinct calculation path appeared"
2026-07-27,HR-20260727-02,observation,BOJ July 30-31: Existing USDJPY Tail-Risk Package Still Applies,PipGauge,25,22,25,15,7,94,yes,3,yes,Pip Value; Position Size; P&L; Spread Cost,"BOJ refreshed the official calendar on July 24, but the meeting timing and calculator path are already covered by recent USDJPY packages without a new independent numeric hook"
2026-07-27,HR-20260727-03,observation,Bank of England July 30: Hold Existing GBPUSD Package,PipGauge,24,18,25,15,7,89,yes,3,yes,Pip Value; Position Size; P&L; Spread Cost,"The official report and decision timing remains current, but HR-20260724-11 already covers the same calculation intent and no new decision or rule change exists"
2026-07-27,HR-20260727-04,observation,CME Single Stock Futures First Trade Date: Await Verifiable Trading Evidence,PositionMath,25,22,23,15,7,92,yes,3,yes,Position Size; Portfolio Heat; P&L; Margin,"HR-20260726-01 already refreshed the launch state; no reliable first-day volume, liquidity, outage or retail-broker availability evidence was available at scan time"
2026-07-27,HR-20260727-05,observation,CME 1OZ Gold First-Week Evidence Check,PipGauge,18,15,24,15,6,78,yes,2,yes,XAUUSD Pip Value; Position Size; Margin; Spread Cost,"No verifiable first-week volume, spread, outage or liquidity evidence was found, so another launch refresh would be mechanical"
2026-07-27,HR-20260727-06,observation,U.S. Q2 GDP and June PCE on July 30,PipGauge,21,15,22,8,3,69,yes,2,yes,Pip Value; Position Size; Spread Cost; P&L,Official timing is current but search intent and calculator bridge remain overlapped by the existing FOMC event-risk package
2026-07-27,HR-20260727-07,observation,Brent Volatility and Portfolio Risk,PipGauge,23,23,8,15,6,75,yes,2,yes,Portfolio Heat; Margin,Discussion interest remains plausible but the current product set still lacks a natural oil-contract specification or point-value calculator bridge
2026-07-27,HR-20260727-08,observation,Topstep Dynamic Expansion Rule Math,PositionMath,11,15,25,7,8,66,no,1,no,Daily Loss Limit; Trailing Drawdown; Prop Firm Calculator,A second independent reliable source still does not fully verify the rule mechanics
2026-07-27,HR-20260727-09,discarded,Directional FX Stock Commodity and Central-Bank Predictions,PipGauge,25,22,5,5,2,59,no,0,yes,P&L,"Directional forecasts, price predictions and signal-like content are excluded"
2026-07-28,HR-20260728-01,observation,FOMC July 28-29 Meeting Day One: Await the Official Decision,PipGauge,25,23,25,15,6,94,yes,3,yes,Pip Value; Position Size; P&L; Spread Cost,The meeting has begun but HR-20260724-01 and HR-20260725-01 already cover the pre-decision calculation intent; no official decision or distinct numeric hook exists yet
2026-07-28,HR-20260728-02,observation,BOJ July 30-31: Await the Official Statement and Outlook,PipGauge,25,22,25,15,6,93,yes,3,yes,Pip Value; Position Size; P&L; Spread Cost,"The July 31 release timing is current, but recent USDJPY packages already cover the tail-risk math and no policy result has been published"
2026-07-28,HR-20260728-03,observation,Bank of England July 30: Await Policy Report Numbers,PipGauge,25,18,25,15,6,89,yes,3,yes,Pip Value; Position Size; P&L; Spread Cost,Official publication timing is current but HR-20260724-11 already covers the same GBPUSD calculation path; the policy report and decision are not yet available
2026-07-28,HR-20260728-04,selected,Schwab Adds Retail Access to CME Single-Stock Futures: Recheck Notional Before Margin,PositionMath,25,23,24,15,9,96,yes,3,yes,Position Size; Portfolio Heat; P&L; Margin; Spread Cost,Schwab published independent retail-broker availability for futures-approved customers on July 27 and warned about potentially thinner early volume and wider spreads; refresh HR-20260722-05 with eligibility and liquidity boundaries
2026-07-28,HR-20260728-05,observation,CME 1OZ Gold First-Week Evidence Check,PipGauge,16,14,24,14,5,73,yes,2,yes,XAUUSD Pip Value; Position Size; Margin; Spread Cost,"No verifiable new volume, spread, outage or liquidity fact supports another launch refresh"
2026-07-28,HR-20260728-06,observation,U.S. Q2 GDP and June PCE Event Risk,PipGauge,21,15,22,8,3,69,yes,2,yes,Pip Value; Position Size; Spread Cost; P&L,Official timing is current but the traffic and calculator path remain overlapped by the existing FOMC event-risk package
2026-07-28,HR-20260728-07,observation,Prop-Firm Risk and Payout Rule Discussion,PositionMath,17,17,25,6,5,70,no,1,yes,Daily Loss Limit; Trailing Drawdown; Prop Firm Calculator,Public discussion is current but community claims and aggregator summaries do not provide two independent reliable sources for a specific new rule change
2026-07-28,HR-20260728-08,discarded,Directional FX Stock Commodity and Central-Bank Predictions,PipGauge,25,22,5,5,2,59,no,0,yes,P&L,"Directional forecasts, price predictions and signal-like content are excluded"
2026-07-29,HR-20260729-01,observation,FOMC July 29: Official Decision Still Pending at Scan Time,PipGauge,25,24,25,15,6,95,yes,3,yes,Pip Value; Position Size; P&L; Spread Cost,Decision due 2:00 p.m. ET after scan; existing pre-decision packages cover this calculation path
2026-07-29,HR-20260729-02,observation,CME Single-Stock Futures: Early Liquidity Discussion Lacks Verified Statistics,PositionMath,25,22,24,10,6,87,yes,2,yes,Position Size; Portfolio Heat; P&L; Margin; Spread Cost,Fresh community discussion lacks a second reliable publisher with auditable volume or spread data; HR-20260728-04 covers the broker warning
2026-07-29,HR-20260729-03,observation,Bank of England July 30: Await the Policy Decision and Report,PipGauge,25,19,25,15,6,90,yes,2,yes,Pip Value; Position Size; P&L; Spread Cost,Official release is tomorrow and HR-20260724-11 already covers the same event-risk math
2026-07-29,HR-20260729-04,observation,BOJ July 30-31: Await the Official Statement and Outlook,PipGauge,25,21,25,15,6,92,yes,2,yes,Pip Value; Position Size; P&L; Spread Cost,Existing USDJPY packages cover the calculation and the official decision is unavailable
2026-07-29,HR-20260729-05,observation,U.S. Q2 GDP Advance Estimate Due July 30,PipGauge,24,17,22,15,5,83,yes,2,yes,Pip Value; Position Size; Spread Cost; P&L,"Before the actual number, the traffic route duplicates the existing macro-event risk package"
2026-07-29,HR-20260729-06,observation,CME 1OZ Gold Operating-Evidence Check,PipGauge,14,13,24,10,5,66,yes,2,no,XAUUSD Pip Value; Position Size; Margin; Spread Cost,"No new reliable volume, spread, outage or liquidity evidence supports reopening"
2026-07-29,HR-20260729-07,observation,Prop-Firm Risk Discussion Without a Verified New Rule,PositionMath,16,16,25,6,5,68,no,1,yes,Daily Loss Limit; Trailing Drawdown; Prop Firm Calculator,No specific changed rule has two independent reliable sources
2026-07-29,HR-20260729-08,discarded,Directional FX Stock Commodity and Central-Bank Predictions,PipGauge,25,22,5,5,2,59,no,0,yes,P&L,"Directional forecasts, price predictions and signal-like content are excluded"
2026-07-30,HR-20260730-01,selected,BoE Holds at 3.75% in a 6-3 Vote: Recalculate GBP/USD Event Risk,PipGauge,25,23,25,15,9,97,yes,2,yes,Pip Value; Position Size; P&L; Spread Cost,"Official result changes the vote split from 7-2 to 6-3 and triggers a decision-recap refresh of HR-20260724-11"
2026-07-30,HR-20260730-02,selected,Fed Holds 3.50%-3.75% in a 9-3 Vote: Recalculate EUR/USD Event Risk,PipGauge,25,24,25,15,9,98,yes,2,yes,Pip Value; Position Size; P&L; Spread Cost,"Official result and three hike dissents trigger a decision-recap refresh of HR-20260724-01; no duplicate article"
2026-07-30,HR-20260730-03,observation,U.S. Q2 GDP Advance Estimate Slows to 1.5%,PipGauge,25,19,21,15,6,86,yes,2,yes,Pip Value; Position Size; Spread Cost; P&L,"Fresh official result has a duplicate macro-event risk path and no distinct calculator-led search route"
2026-07-30,HR-20260730-04,observation,BOJ July 30-31 Decision Still Pending,PipGauge,25,20,25,15,5,90,yes,2,yes,Pip Value; Position Size; P&L; Spread Cost,"Official statement and outlook are not yet available; existing USDJPY packages cover the calculation"
2026-07-30,HR-20260730-05,observation,CME Single-Stock Futures Operating-Evidence Check,PositionMath,14,14,24,10,5,67,yes,2,no,Position Size; Portfolio Heat; P&L; Spread Cost,"No new reliable volume spread or broker-availability evidence supports reopening"
2026-07-30,HR-20260730-06,observation,Prop-Firm Risk Discussion Without a Verified New Rule,PositionMath,16,16,25,6,5,68,no,1,yes,Daily Loss Limit; Trailing Drawdown; Prop Firm Calculator,"No specific changed rule has two independent reliable sources"
2026-07-30,HR-20260730-07,discarded,Directional FX Stock Commodity and Central-Bank Predictions,PipGauge,25,22,5,5,2,59,no,0,yes,P&L,"Directional forecasts price predictions and signal-like content are excluded"
2026-07-31,HR-20260731-01,selected,BOJ Holds at 1.0% in an 8-1 Vote: Recalculate USD/JPY Event Risk,PipGauge,25,24,25,15,9,98,yes,2,yes,Pip Value; Position Size; P&L; Spread Cost,"Official 1.0% 8-1 result and defeated 1.25% proposal trigger a decision-recap refresh of the existing USDJPY risk article"
2026-07-31,HR-20260731-02,observation,Japan Yen Intervention: Await Official MOF Confirmation,PipGauge,25,24,25,15,7,96,yes,2,yes,Pip Value; Position Size; P&L; Spread Cost,"Same-day discussion is strong but MOF has not yet published official data covering July 30 onward and the calculation path is already covered"
2026-07-31,HR-20260731-03,observation,U.S. July Employment Situation Due August 7,PipGauge,24,18,22,8,6,78,no,1,yes,Pip Value; Position Size; Spread Cost; P&L,"The result is pending and the pre-event calculation path duplicates existing macro-event packages"
2026-07-31,HR-20260731-04,observation,CME Single-Stock Futures Operating-Evidence Check,PositionMath,13,14,24,10,5,66,yes,2,no,Position Size; Portfolio Heat; P&L; Spread Cost,"No new reliable volume spread or broker-availability evidence supports reopening"
2026-07-31,HR-20260731-05,observation,Prop-Firm Self-Regulatory Certification Framework,PositionMath,12,17,18,10,6,63,no,1,no,Daily Loss Limit; Trailing Drawdown; Prop Firm Calculator,"The July 22 framework is outside 72 hours and does not change a specific calculable account rule"
2026-07-31,HR-20260731-06,observation,CME 10-Barrel WTI 24/7 Production Timeline,PositionMath,12,16,23,8,5,64,no,1,no,Position Size; Margin; P&L; Spread Cost,"August 30 production launch is outside the upcoming seven-day window and lacks independent broker availability evidence"
2026-07-31,HR-20260731-07,discarded,Directional FX Stock Commodity Crypto and Central-Bank Predictions,PipGauge,25,22,5,5,2,59,no,0,yes,P&L,"Directional forecasts price predictions and signal-like content are excluded"
2026-08-01,HR-20260801-01,observation,U.S. July Employment Situation Due August 7,PipGauge,24,18,22,8,6,78,no,1,yes,Pip Value; Position Size; Spread Cost; P&L,"The result is pending and the pre-event calculation path duplicates existing macro-event packages"
2026-08-01,HR-20260801-02,observation,BOJ Post-Decision Follow-up Awaits Full Outlook Text,PipGauge,24,18,25,15,6,88,yes,2,yes,Pip Value; Position Size; P&L; Spread Cost,"The July 31 result was already refreshed and the August 3 full outlook text is not yet available"
2026-08-01,HR-20260801-03,observation,Japan Yen Intervention Still Awaits Official MOF Confirmation,PipGauge,24,23,25,15,7,94,yes,2,yes,Pip Value; Position Size; P&L; Spread Cost,"Discussion remains current but MOF has not published official data covering July 30 onward and the calculation path is already covered"
2026-08-01,HR-20260801-04,observation,CME Single-Stock Futures Operating-Evidence Check,PositionMath,12,14,24,10,5,65,yes,2,no,Position Size; Portfolio Heat; P&L; Spread Cost,"No new reliable volume spread or broker-availability evidence supports reopening"
2026-08-01,HR-20260801-05,observation,Prop-Firm Certification Framework Without a Calculable Rule Change,PositionMath,10,16,18,10,5,59,no,1,no,Daily Loss Limit; Trailing Drawdown; Prop Firm Calculator,"The framework is outside 72 hours and does not change a specific calculable account rule"
2026-08-01,HR-20260801-06,discarded,Directional FX Stock Commodity Crypto and Central-Bank Predictions,PipGauge,25,22,5,5,2,59,no,0,yes,P&L,"Directional forecasts price predictions and signal-like content are excluded"
2026-08-02,HR-20260802-01,selected,U.S.-Japan Yen Intervention Recalculate a 100 200 or 300-Pip USDJPY Move,PipGauge,25,25,25,14,8,97,yes,3,yes,Pip Value; P&L; Position Size; Spread Cost,"New reporting of coordinated U.S.-Japan action creates a fresh result-recap hook and a natural USDJPY risk-calculation path; refresh the existing intervention article"
2026-08-02,HR-20260802-02,observation,U.S. July Employment Situation Due August 7,PipGauge,24,18,22,8,6,78,no,1,yes,Pip Value; Position Size; Spread Cost; P&L,"The result is pending and the pre-event calculation path duplicates existing macro-event packages"
2026-08-02,HR-20260802-03,observation,BOJ Full Outlook Text Due August 3,PipGauge,24,17,24,15,6,86,yes,2,yes,Pip Value; Position Size; P&L; Spread Cost,"The full text is not yet published and the July 31 decision package already covers the current facts"
2026-08-02,HR-20260802-04,observation,Prop-Firm and CME Futures Discussion Without a Rule Change,PositionMath,20,17,19,8,5,69,no,1,yes,Daily Loss Limit; Trailing Drawdown; Position Size,"Same-day community demand is generic and no second reliable publisher confirms a specific calculable rule change"
2026-08-02,HR-20260802-05,discarded,Directional USDJPY FX Stock Commodity and Crypto Predictions,PipGauge,25,24,5,5,2,61,no,0,yes,P&L,"Directional forecasts price predictions and signal-like content are excluded"
2026-08-03,HR-20260803-01,observation,BOJ July Full Outlook Was Already Published on July 31,PipGauge,22,16,24,15,6,83,yes,2,yes,Pip Value; Position Size; P&L; Spread Cost,"The official schedule confirms the full outlook was released July 31; there is no August 3 event or new calculation path beyond HR-20260731-01"
2026-08-03,HR-20260803-02,observation,U.S. July Employment Situation Due August 7,PipGauge,24,19,22,8,6,79,no,1,yes,Pip Value; Position Size; Spread Cost; P&L,"The result remains pending and the pre-event calculation path duplicates existing macro-event packages"
2026-08-03,HR-20260803-03,observation,CME and Prop-Firm Checks Without a New Calculable Rule,PositionMath,18,15,20,12,5,70,no,2,yes,Position Size; Portfolio Heat; Daily Loss Limit; Trailing Drawdown,"Recent official pages contain no retail-facing account rule change with a distinct calculator-led traffic path"
2026-08-03,HR-20260803-04,observation,U.S.-Japan Yen Intervention Follow-up Without New Facts,PipGauge,22,22,25,15,6,90,yes,3,yes,Pip Value; P&L; Position Size; Spread Cost,"The coordinated-intervention topic was refreshed on August 2 and no new official amount correction or mechanism supports another refresh"
2026-08-03,HR-20260803-05,discarded,Directional FX Stock Commodity Crypto and Central-Bank Predictions,PipGauge,25,23,5,5,2,60,no,0,yes,P&L,"Directional forecasts price predictions and signal-like content are excluded"
2026-08-04,HR-20260804-01,observation,U.S. June JOLTS Result Not Yet Verifiable at Scan Time,PipGauge,25,20,21,8,5,79,no,1,yes,Pip Value; Position Size; Spread Cost; P&L,"The official release is scheduled but the current edition still shows May; unverified figures and a duplicate macro-event path block selection"
2026-08-04,HR-20260804-02,observation,U.S. July Employment Situation Due August 7,PipGauge,24,19,22,8,6,79,no,1,yes,Pip Value; Position Size; Spread Cost; P&L,"The result remains pending and the pre-event calculation path duplicates existing macro-event packages"
2026-08-04,HR-20260804-03,observation,U.S.-Japan Yen Intervention Follow-up Still Lacks New Official Facts,PipGauge,20,20,25,15,5,85,yes,3,yes,Pip Value; P&L; Position Size; Spread Cost,"The August 2 refresh already covers the coordinated action and no official amount correction or new mechanism supports another refresh"
2026-08-04,HR-20260804-04,observation,CME and Prop-Firm Checks Without a New Retail Rule,PositionMath,17,15,20,12,5,69,no,2,yes,Position Size; Portfolio Heat; Daily Loss Limit; Trailing Drawdown,"Current notices and community questions do not identify a specific calculable retail rule change"
2026-08-04,HR-20260804-05,discarded,Directional FX Stock Commodity Crypto and Central-Bank Predictions,PipGauge,25,23,5,5,2,60,no,0,yes,P&L,"Directional forecasts price predictions and signal-like content are excluded"
2026-08-05,HR-20260805-01,observation,U.S. June JOLTS Result Verified but No Distinct Calculator Traffic Path,PipGauge,25,17,22,15,5,84,yes,3,yes,Pip Value; Position Size; Spread Cost; P&L,"BLS AP and Axios verify the result but little-changed data weak trading heat and a duplicate macro-event path block selection"
2026-08-05,HR-20260805-02,observation,U.S. July Employment Situation Due August 7,PipGauge,24,19,22,8,6,79,no,1,yes,Pip Value; Position Size; Spread Cost; P&L,"The result remains pending and the pre-event calculation path duplicates existing macro-event packages"
2026-08-05,HR-20260805-03,observation,U.S.-Japan Yen Intervention Follow-up Still Lacks New Official Facts,PipGauge,18,18,25,15,5,81,yes,3,yes,Pip Value; P&L; Position Size; Spread Cost,"The August 2 refresh already covers the action and no official amount correction or new mechanism supports another refresh"
2026-08-05,HR-20260805-04,observation,CME and Prop-Firm Checks Without a New Retail Rule,PositionMath,17,15,20,12,5,69,no,2,yes,Position Size; Portfolio Heat; Daily Loss Limit; Trailing Drawdown,"Current notices and community questions do not identify a specific calculable retail rule change"
2026-08-05,HR-20260805-05,discarded,Directional FX Stock Commodity Crypto and Central-Bank Predictions,PipGauge,25,23,5,5,2,60,no,0,yes,P&L,"Directional forecasts price predictions and signal-like content are excluded"
2026-08-06,HR-20260806-01,observation,U.S. July Employment Situation Due August 7,PipGauge,25,19,22,8,6,80,no,1,yes,Pip Value; Position Size; Spread Cost; P&L,"The result remains pending and the pre-event calculation path duplicates existing macro-event packages"
2026-08-06,HR-20260806-02,observation,U.S. June JOLTS Result Still Fresh but No Distinct Traffic Path,PipGauge,22,15,22,15,5,79,yes,2,yes,Pip Value; Position Size; Spread Cost; P&L,"The verified little-changed result has weak trading heat and duplicates existing macro-event calculation paths"
2026-08-06,HR-20260806-03,observation,U.S.-Japan Yen Intervention Follow-up Still Lacks New Official Facts,PipGauge,15,17,25,14,5,76,yes,2,no,Pip Value; Position Size; Spread Cost; P&L,"The August 2 refresh already covers the action and no official amount correction or new mechanism supports another refresh"
2026-08-06,HR-20260806-04,observation,LucidDaily Makes DLL and Evaluation Drawdown Configurable,PositionMath,25,16,25,7,8,81,no,1,yes,Daily Loss Limit; Trailing Drawdown; Prop Firm Calculator,"The same-day rule has a strong calculator bridge but only one reliable publishing body confirms it"
2026-08-06,HR-20260806-05,observation,CME and Other Prop-Firm Checks Without a New Retail Rule,PositionMath,17,15,20,12,5,69,no,2,yes,Position Size; Portfolio Heat; Daily Loss Limit; Trailing Drawdown,"Current notices and community questions do not identify another specific calculable retail rule change"
2026-08-06,HR-20260806-06,discarded,Directional FX Stock Commodity Crypto and Central-Bank Predictions,PipGauge,25,23,5,5,2,60,no,0,yes,P&L,"Directional forecasts price predictions and signal-like content are excluded"
2026-08-07,HR-20260807-01,observation,U.S. July Payrolls Unexpectedly Fell 23000 but Calculator Path Is Duplicate,PipGauge,25,25,24,15,8,97,yes,3,yes,Pip Value; Position Size; Spread Cost; P&L,"BLS AP Axios and strong same-day discussion confirm the event but no measured execution cost or distinct calculation separates it from existing macro-event packages"
2026-08-07,HR-20260807-02,observation,U.S. June JOLTS Is Superseded by the July Jobs Report,PipGauge,20,12,21,15,4,72,yes,2,yes,Pip Value; Position Size; Spread Cost; P&L,"The little-changed JOLTS result has no independent traffic window after the jobs report and duplicates the same macro-event calculation path"
2026-08-07,HR-20260807-03,observation,U.S.-Japan Yen Intervention Follow-up Still Lacks New Official Facts,PipGauge,12,15,25,14,4,70,yes,2,no,Pip Value; Position Size; Spread Cost; P&L,"The August 2 refresh already covers the action and no official amount correction or new mechanism supports another refresh"
2026-08-07,HR-20260807-04,observation,LucidDaily Customization Was Already Public on July 27,PositionMath,10,14,25,7,6,62,no,1,no,Daily Loss Limit; Trailing Drawdown; Prop Firm Calculator,"Independent pages and community discussion show the four configurations were already public on July 27 so the August 6 help-center update is not a fresh launch"
2026-08-07,HR-20260807-05,observation,CME and Other Prop-Firm Checks Without a New Retail Rule,PositionMath,16,14,20,12,5,67,no,2,yes,Position Size; Portfolio Heat; Daily Loss Limit; Trailing Drawdown,"Current notices and community questions do not identify another specific calculable retail rule change"
2026-08-07,HR-20260807-06,discarded,Directional FX Stock Commodity Crypto and Central-Bank Predictions,PipGauge,25,23,5,5,2,60,no,0,yes,P&L,"Directional forecasts price predictions and signal-like content are excluded"
2026-08-08,HR-20260808-01,observation,FundedNext FNL002 Has Clear Drawdown Math but Only One Reliable Publisher,PositionMath,25,20,25,7,8,85,no,1,yes,Daily Loss Limit; Trailing Drawdown; Prop Firm Calculator,"The 12% MLL 4% DLL and $149.99 price form a distinct calculation but all verified rule numbers trace to FundedNext"
2026-08-08,HR-20260808-02,observation,U.S. July Payroll Shock Still Lacks Measured FX Execution Cost,PipGauge,23,23,24,15,7,92,yes,3,yes,Pip Value; Position Size; Spread Cost; P&L,"BLS AP Axios and public heat remain strong but no measured spread or slippage separates it from existing macro-event packages"
2026-08-08,HR-20260808-03,observation,U.S. July CPI and PPI Are Upcoming but the Calculator Path Is Duplicate,PipGauge,24,18,22,15,5,84,yes,3,yes,Pip Value; Position Size; Spread Cost; P&L,"Official calendars verify the releases inside seven days but pre-event sizing and spread scenarios duplicate existing macro packages"
2026-08-08,HR-20260808-04,observation,LucidDaily Still Has Discussion but No New Dated Rule Change,PositionMath,12,14,25,7,5,63,no,1,yes,Daily Loss Limit; Trailing Drawdown; Prop Firm Calculator,"Current help pages do not prove an August change and July 27 records show the configurations were already public"
2026-08-08,HR-20260808-05,observation,Yen Intervention and Prop Framework Checks Have No New Official Fact,PipGauge,10,13,23,12,4,62,no,2,no,Pip Value; Position Size; Daily Loss Limit; Trailing Drawdown,"No new official amount correction certification decision or calculable retail rule was found"
2026-08-08,HR-20260808-06,discarded,Directional FX Stock Commodity Crypto and Central-Bank Predictions,PipGauge,25,23,5,5,2,60,no,0,yes,P&L,"Directional forecasts price predictions and signal-like content are excluded"
2026-08-09,HR-20260809-01,observation,FundedNext FNL002 Still Lacks an Independent Reliable Rule Verification,PositionMath,20,19,25,7,8,79,no,1,yes,Daily Loss Limit; Trailing Drawdown; Prop Firm Calculator,"Clear drawdown and fee math remains tied to one reliable publishing body"
2026-08-09,HR-20260809-02,observation,U.S. July Payroll Shock Still Has No Measured FX Execution Cost,PipGauge,21,21,24,15,7,88,yes,3,yes,Pip Value; Position Size; Spread Cost; P&L,"Facts remain strong but no new measured execution data breaks the macro-event package duplication"
2026-08-09,HR-20260809-03,observation,U.S. CPI and PPI Are Upcoming but the Pre-Event Calculator Path Is Duplicate,PipGauge,24,18,22,15,5,84,yes,2,yes,Pip Value; Position Size; Spread Cost; P&L,"Official calendars verify the releases but the generic pre-event risk path is already covered"
2026-08-09,HR-20260809-04,observation,LucidDaily Has No New Dated Rule Change or Independent Verification,PositionMath,10,13,25,7,5,60,no,1,no,Daily Loss Limit; Trailing Drawdown; Prop Firm Calculator,"No dated changelog or second reliable publishing body confirms a new numeric rule"
2026-08-09,HR-20260809-05,observation,Regulator Exchange Intervention and Prop Framework Checks Yield No New Rule,PipGauge,9,12,22,12,4,59,no,2,no,Pip Value; Position Size; Margin; Daily Loss Limit,"No new official amount correction certification decision or calculable retail rule was found"
2026-08-09,HR-20260809-06,discarded,Directional FX Stock Commodity Crypto and Central-Bank Predictions,PipGauge,25,23,5,5,2,60,no,0,yes,P&L,"Directional forecasts price predictions and signal-like content are excluded"
2026-08-10,HR-20260810-01,selected,U.S. Payrolls Fell 23000 Recalculate Dollar Risk Around the July Jobs Surprise,PipGauge,23,25,24,15,9,96,yes,3,yes,Pip Value; Position Size; Spread Cost; P&L,"BLS AP and Axios verify the result; all four refresh signals justify updating HR-20260730-02 without requiring measured execution data"
2026-08-10,HR-20260810-02,observation,July CPI on August 12 Has Only a New Window Before the Result,PipGauge,20,22,21,15,6,84,yes,2,yes,Pip Value; Position Size; P&L,"The forecast is not an actual result; only window_delta is true"
2026-08-10,HR-20260810-03,observation,July PPI on August 13 Needs a Distinct Result Before Refresh,PipGauge,19,18,20,15,5,77,yes,2,yes,Pip Value; Position Size; P&L,"Only window_delta is true and the current path overlaps CPI"
2026-08-10,HR-20260810-04,observation,FundedNext FNL002 Needs a Stable Dated Official Rule Page,PositionMath,18,20,24,7,7,76,no,1,yes,Daily Loss Limit; Trailing Drawdown; Prop Firm Calculator,"Four deltas cannot override the missing stable dated/versioned official fact page"
2026-08-10,HR-20260810-05,discarded,Directional CPI NFP Dollar Gold Stock and Crypto Predictions,PipGauge,20,27,3,5,2,57,no,0,yes,P&L,"Directional forecasts and signal-like content are excluded"
2026-08-10,HR-20260810-06,discarded,Evergreen Leverage and Position Size Questions Without a Current Trigger,PipGauge,5,12,20,8,4,49,no,1,no,Position Size; Margin,"Useful evergreen demand but no current event or rule trigger"
2026-08-11,HR-20260811-01,selected,RBA Held at 4.35 Percent Recalculate AUDUSD Risk After a Low Volatility Decision,PipGauge,25,21,24,14,9,93,yes,2,yes,Pip Value; Position Size; P&L,"RBA official decision FOREX.com impact coverage and public discussion support a new non-directional AUDUSD risk calculation topic"
2026-08-11,HR-20260811-02,observation,US July CPI Result Is Due August 12 but Still Has Only a Window Delta,PipGauge,22,20,21,15,5,83,yes,2,yes,Pip Value; Position Size; P&L,"The result is not published and only window_delta differs from the existing macro risk topic"
2026-08-11,HR-20260811-03,observation,US July PPI Is Due August 13 and Still Lacks a Distinct Result,PipGauge,20,17,20,15,5,77,yes,2,yes,Pip Value; Position Size; P&L,"Only window_delta is true and the pre-event path remains duplicate"
2026-08-11,HR-20260811-04,discarded,US July Retail Sales Calendar Preview Without Strong Calculation Demand,PipGauge,18,12,18,8,4,60,no,1,yes,Position Size; P&L,"Calendar timing alone lacks official result evidence and strong public calculation demand"
2026-08-11,HR-20260811-05,discarded,Directional RBA CPI Dollar Gold Stock and Crypto Forecasts,PipGauge,23,24,3,5,2,57,no,0,yes,P&L,"Directional forecasts price predictions and signal-like content are excluded"
2026-08-17,HR-20260817-01,selected,FOMC Minutes Due August 19 Refresh EURUSD Risk Before the Release,PipGauge,25,24,24,15,10,98,yes,2,yes,Pip Value; Position Size; P&L; Spread Cost,"Fed official calendar AP week-ahead coverage and current public discussion support refreshing HR-20260730-02 with a non-directional pre-minutes fixed-risk check"
2026-08-17,HR-20260817-02,observation,Canada July CPI Rose 3.0 Percent but Lacks an Independent Fact Confirmation,PipGauge,25,20,22,8,6,81,no,1,yes,Pip Value; Position Size; P&L,"Statistics Canada and public discussion confirm a fresh result but no second independent reliable English fact source was available at scan time"
2026-08-17,HR-20260817-03,observation,UK July CPI PPI Due August 19 Has Only a Calendar Window,PipGauge,23,17,21,10,5,76,no,1,yes,Pip Value; Position Size; P&L,"ONS confirms the release window but the result and a differentiated GBPUSD calculation-demand signal are not yet available"
2026-08-17,HR-20260817-04,observation,Walmart FY2027 Q2 Due August 20 Has Generic Rather Than Distinct PositionMath Demand,PositionMath,24,18,14,14,0,70,yes,2,yes,Position Size; P&L; Portfolio Heat,"Walmart and AP confirm the event and public discussion exists but the calculation bridge remains generic relative to existing earnings-risk content"
2026-08-17,HR-20260817-05,discarded,Directional FOMC CPI Walmart and FX Forecasts,PipGauge,25,24,3,5,2,59,no,0,yes,P&L,"Price targets directional calls and signal-like content are excluded"
